,id,name,year,run_time,genre,rating,about,director,actors,votes,gross
0,1,The Avengers,2012,143 min,"Action, Adventure, Sci-Fi            ",8,Earth's mightiest heroes must come together and learn to fight as a team if they are going to stop the mischievous Loki and his alien army from enslaving humanity.,Joss Whedon ,"Robert Downey Jr., Chris Evans, Scarlett Johansson, Jeremy Renner",1230783,$623.28M
1,2,The Dark Knight Rises,2012,164 min,"Action, Adventure            ",8.4,"Eight years after the Joker's reign of anarchy, Batman, with the help of the enigmatic Catwoman, is forced from his exile to save Gotham City from the brutal guerrilla terrorist Bane.",Christopher Nolan ,"Christian Bale, Tom Hardy, Anne Hathaway, Gary Oldman",1460937,$448.14M
2,3,The Amazing Spider-Man,2012,136 min,"Action, Adventure, Sci-Fi            ",6.9,"After Peter Parker is bitten by a genetically altered spider, he gains newfound, spider-like powers and ventures out to save the city from the machinations of a mysterious reptilian foe.",Marc Webb ,"Andrew Garfield, Emma Stone, Rhys Ifans, Irrfan Khan",545413,$262.03M
3,4,The Hobbit: An Unexpected Journey,2012,169 min,"Adventure, Family, Fantasy            ",7.8,"A reluctant Hobbit, Bilbo Baggins, sets out to the Lonely Mountain with a spirited group of dwarves to reclaim their mountain home, and the gold within it from the dragon Smaug.",Peter Jackson ,"Martin Freeman, Ian McKellen, Richard Armitage, Andy Serkis",740409,$303.00M
4,5,The Hunger Games,2012,142 min,"Action, Adventure, Sci-Fi            ",7.2,Katniss Everdeen voluntarily takes her younger sister's place in the Hunger Games: a televised competition in which two teenagers from each of the twelve Districts of Panem are chosen at random to fight to the death.,Gary Ross ,"Jennifer Lawrence, Josh Hutcherson, Liam Hemsworth, Stanley Tucci",821886,$408.01M
5,6,21 Jump Street,2012,109 min,"Action, Comedy, Crime            ",7.2,A pair of underachieving cops are sent back to a local high school to blend in and bring down a synthetic drug ring.,"Phil Lord, Christopher Miller ","Jonah Hill, Channing Tatum, Ice Cube, Brie Larson",496990,$138.45M
6,7,American Reunion,2012,113 min,Comedy            ,6.7,"Jim, Michelle, Stifler, and their friends reunite in East Great Falls, Michigan for their high school reunion.","Jon Hurwitz, Hayden Schlossberg ","Jason Biggs, Alyson Hannigan, Seann William Scott, Chris Klein",198230,$57.01M
7,8,The Cabin in the Woods,2011,95 min,Horror            ,7,"Five friends go for a break at a remote cabin, where they get more than they bargained for, discovering the truth behind the cabin in the woods.",Drew Goddard ,"Kristen Connolly, Chris Hemsworth, Anna Hutchison, Fran Kranz",360432,$42.07M
8,9,Skyfall,2012,143 min,"Action, Adventure, Thriller            ",7.7,"James Bond's loyalty to M is tested when her past comes back to haunt her. When MI6 comes under attack, 007 must track down and destroy the threat, no matter how personal the cost.",Sam Mendes ,"Daniel Craig, Javier Bardem, Naomie Harris, Judi Dench",614893,$304.36M
9,10,The Expendables 2,2012,103 min,"Action, Adventure, Thriller            ",6.6,"Mr. Church reunites the Expendables for what should be an easy paycheck, but when one of their men is murdered on the job, their quest for revenge puts them deep in enemy territory and up against an unexpected threat.",Simon West ,"Sylvester Stallone, Liam Hemsworth, Randy Couture, Jean-Claude Van Damme",286157,$85.02M
10,11,Men in Black 3,2012,106 min,"Action, Adventure, Comedy            ",6.8,Agent J travels in time to M.I.B.'s early days in 1969 to stop an alien from assassinating his friend Agent K and changing history.,Barry Sonnenfeld ,"Will Smith, Tommy Lee Jones, Josh Brolin, Jemaine Clement",326104,$179.02M
11,12,Ice Age: Continental Drift,2012,88 min,"Animation, Adventure, Comedy            ",6.6,"Manny, Diego, and Sid embark upon another adventure after their continent is set adrift. Using an iceberg as a ship, they encounter sea creatures and battle pirates as they explore a new world.","Steve Martino, Mike Thurmeier ","Ray Romano, Denis Leary, John Leguizamo, Aziz Ansari",185293,$161.32M
12,13,Brave,2012,93 min,"Animation, Adventure, Comedy            ",7.1,"Determined to make her own path in life, Princess Merida (Kelly Macdonald) defies a custom that brings chaos to her kingdom. Granted one wish, Merida must rely on her bravery and her archery skills to undo a beastly curse.","Mark Andrews, Brenda Chapman, Steve Purcell ","Kelly Macdonald, Billy Connolly, Emma Thompson, Julie Walters",359549,$237.28M
13,14,Dark Shadows,2012,113 min,"Comedy, Fantasy, Horror            ",6.2,"An imprisoned vampire, Barnabas Collins, is set free and returns to his ancestral home, where his dysfunctional descendants are in need of his protection.",Tim Burton ,"Johnny Depp, Michelle Pfeiffer, Eva Green, Helena Bonham Carter",240208,$79.73M
14,15,Ted,2012,106 min,Comedy            ,6.9,"John Bennett, a man whose childhood wish of bringing his teddy bear to life came true, now must decide between keeping the relationship with the bear or his girlfriend, Lori.",Seth MacFarlane ,"Mark Wahlberg, Mila Kunis, Seth MacFarlane, Joel McHale",556953,$218.82M
15,16,Project X,2012,88 min,Comedy            ,6.6,"3 high school seniors throw a birthday party to make a name for themselves. As the night progresses, things spiral out of control as word of the party spreads.",Nima Nourizadeh ,"Thomas Mann, Oliver Cooper, Jonathan Daniel Brown, Dax Flame",184321,$54.73M
16,17,Wrath of the Titans,2012,99 min,"Action, Adventure, Fantasy            ",5.7,"Perseus braves the treacherous underworld to rescue his father, Zeus, captured by his son, Ares, and brother Hades who unleash the ancient Titans upon the world.",Jonathan Liebesman ,"Sam Worthington, Liam Neeson, Rosamund Pike, Ralph Fiennes",177910,$83.67M
17,18,Chronicle,2012,84 min,"Drama, Sci-Fi, Thriller            ",7,Three high school friends gain superpowers after making an incredible discovery underground. Soon they find their lives spinning out of control and their bond tested as they embrace their darker sides.,Josh Trank ,"Dane DeHaan, Alex Russell, Michael B. Jordan, Michael Kelly",235484,$64.58M
18,19,Kari-gurashi no Arietti,2010,94 min,"Animation, Adventure, Family            ",7.6,"The Clock family are four-inch-tall people who live anonymously in another family's residence, borrowing simple items to make their home. Life changes for the Clocks when their teenage daughter, Arrietty, is discovered.",Hiromasa Yonebayashi ,"Bridgit Mendler, Amy Poehler, Will Arnett, Tom Holland",75002,$19.20M
19,20,The Pirates! In an Adventure with Scientists!,2012,88 min,"Animation, Adventure, Comedy            ",6.7,Pirate Captain sets out on a mission to defeat his rivals Black Bellamy and Cutlass Liz for the Pirate of the year Award. The quest takes Captain and his crew from the shores of Blood Island to the foggy streets of Victorian London.,"Peter Lord, Jeff Newitt ","Hugh Grant, Salma Hayek, Jeremy Piven, Martin Freeman",43593,$31.05M
20,21,The Grey,2011,117 min,"Action, Adventure, Drama            ",6.8,"After their plane crashes in Alaska, six oil workers are led by a skilled huntsman to survival, but a pack of merciless wolves haunts their every step.",Joe Carnahan ,"Liam Neeson, Dermot Mulroney, Frank Grillo, Dallas Roberts",235725,$51.58M
21,22,The Woman in Black,2012,95 min,"Drama, Fantasy, Horror            ",6.4,A young solicitor travels to a remote village where he discovers the vengeful ghost of a scorned woman is terrorizing the locals.,James Watkins ,"Daniel Radcliffe, Janet McTeer, Ciarán Hinds, Emma Shorey",170536,$54.33M
22,23,Battleship,2012,131 min,"Action, Adventure, Sci-Fi            ",5.8,A fleet of ships is forced to do battle with an armada of unknown origins in order to discover and thwart their destructive goals.,Peter Berg ,"Alexander Skarsgård, Brooklyn Decker, Liam Neeson, Rihanna",231039,$65.42M
23,24,Abraham Lincoln: Vampire Hunter,2012,105 min,"Action, Fantasy, Horror            ",5.9,"Abraham Lincoln, the 16th President of the United States, discovers vampires are planning to take over the United States. He makes it his mission to eliminate them.",Timur Bekmambetov ,"Benjamin Walker, Rufus Sewell, Dominic Cooper, Anthony Mackie",146483,$37.52M
24,25,Bully,I) (,98 min,Documentary            ,7.3,A documentary on peer-to-peer bullying in schools across America.,Lee Hirsch ,"Ja'Meya Jackson, Kelby Johnson, Lona Johnson, Bob Johnson",9707,$4.04M
25,26,Prometheus,I) (,124 min,"Adventure, Mystery, Sci-Fi            ",7,"Following clues to the origin of mankind, a team finds a structure on a distant moon, but they soon realize they are not alone.",Ridley Scott ,"Noomi Rapace, Logan Marshall-Green, Michael Fassbender, Charlize Theron",555604,$126.48M
26,27,Taken 2,2012,92 min,"Action, Thriller            ",6.3,"In Istanbul, retired CIA operative Bryan Mills and his wife are taken hostage by the father of a kidnapper Mills killed while rescuing his daughter.",Olivier Megaton ,"Liam Neeson, Famke Janssen, Maggie Grace, Leland Orser",282991,$139.85M
27,28,The Dictator,2012,83 min,Comedy            ,6.4,The heroic story of a dictator who risked his life to ensure that democracy would never come to the country he so lovingly oppressed.,Larry Charles ,"Sacha Baron Cohen, Anna Faris, John C. Reilly, Ben Kingsley",263990,$59.65M
28,29,A Good Day to Die Hard,2013,98 min,"Action, Thriller            ",5.3,"John McClane travels to Russia to help out his seemingly wayward son, Jack, only to discover that Jack is a CIA operative working undercover, causing the father and son to team up against underworld forces.",John Moore ,"Bruce Willis, Jai Courtney, Sebastian Koch, Mary Elizabeth Winstead",194048,$67.35M
29,30,Iron Man Three,2013,130 min,"Action, Adventure, Sci-Fi            ",7.2,"When Tony Stark's world is torn apart by a formidable terrorist called the Mandarin, he starts an odyssey of rebuilding and retribution.",Shane Black ,"Robert Downey Jr., Guy Pearce, Gwyneth Paltrow, Don Cheadle",731186,$409.01M
30,31,The Hobbit: The Desolation of Smaug,2013,161 min,"Adventure, Fantasy            ",7.8,"The dwarves, along with Bilbo Baggins and Gandalf the Grey, continue their quest to reclaim Erebor, their homeland, from Smaug. Bilbo Baggins is in possession of a mysterious and magical ring.",Peter Jackson ,"Ian McKellen, Martin Freeman, Richard Armitage, Ken Stott",585619,$258.37M
31,32,The Samaritan,I) (,90 min,"Action, Crime, Drama            ",5.6,"After twenty years in prison, Foley is finished with the grifter's life. When he meets an elusive young woman named Iris, the possibility of a new start looks real. But his past is proving to be a stubborn companion.",David Weaver ,"Samuel L. Jackson, Luke Kirby, Ruth Negga, A.C. Peterson",9304,$0.00M
32,33,The Five-Year Engagement,2012,124 min,"Comedy, Romance            ",6.2,"One year after meeting, Tom proposes to his girlfriend, Violet, but unexpected events keep tripping them up as they look to walk down the aisle together.",Nicholas Stoller ,"Jason Segel, Emily Blunt, Chris Pratt, Alison Brie",90787,$28.84M
33,34,Underworld Awakening,2012,88 min,"Action, Drama, Fantasy            ",6.4,"When human forces discover the existence of the Vampire and Lycan clans, a war to eradicate both species commences. The vampire warrior Selene leads the battle against humankind.","Måns Mårlind, Björn Stein ","Kate Beckinsale, Michael Ealy, India Eisley, Stephen Rea",142769,$62.32M
34,35,The Hunger Games: Catching Fire,2013,146 min,"Action, Adventure, Mystery            ",7.5,Katniss Everdeen and Peeta Mellark become targets of the Capitol after their victory in the 74th Hunger Games sparks a rebellion in the Districts of Panem.,Francis Lawrence ,"Jennifer Lawrence, Josh Hutcherson, Liam Hemsworth, Philip Seymour Hoffman",596850,$424.67M
35,36,Man of Steel,2013,143 min,"Action, Adventure, Sci-Fi            ",7,"An alien child is evacuated from his dying world and sent to Earth to live among humans. His peace is threatened, when survivors of his home planet invade Earth.",Zack Snyder ,"Henry Cavill, Amy Adams, Michael Shannon, Diane Lane",671870,$291.05M
36,37,The Wolverine,2013,126 min,"Action, Adventure, Sci-Fi            ",6.7,"Wolverine comes to Japan to meet an old friend whose life he saved years ago, and gets embroiled in a conspiracy involving yakuza and mutants.",James Mangold ,"Hugh Jackman, Will Yun Lee, Tao Okamoto, Rila Fukushima",418240,$132.56M
37,38,Monsters University,2013,104 min,"Animation, Adventure, Comedy            ",7.3,"A look at the relationship between Mike Wazowski (Billy Crystal) and James P. ""Sully"" Sullivan (John Goodman) during their days at Monsters University, when they weren't necessarily the best of friends.",Dan Scanlon ,"Billy Crystal, John Goodman, Steve Buscemi, Helen Mirren",309711,$268.49M
38,39,Jack the Giant Slayer,2013,114 min,"Adventure, Fantasy            ",6.2,"The ancient war between humans and a race of giants is reignited when Jack, a young farmhand fighting for a kingdom and the love of a princess, opens a gateway between the two worlds.",Bryan Singer ,"Nicholas Hoult, Stanley Tucci, Ewan McGregor, Bill Nighy",128338,$65.19M
39,40,Furious 6,2013,130 min,"Action, Adventure, Crime            ",7.1,"Hobbs has Dominic and Brian reassemble their crew to take down a team of mercenaries: Dominic unexpectedly gets sidetracked with facing his presumed deceased girlfriend, Letty.",Justin Lin ,"Vin Diesel, Paul Walker, Dwayne Johnson, Michelle Rodriguez",359623,$238.68M
40,41,World War Z,2013,116 min,"Action, Adventure, Horror            ",7,Former United Nations employee Gerry Lane traverses the world in a race against time to stop a zombie pandemic that is toppling armies and governments and threatens to destroy humanity itself.,Marc Forster ,"Brad Pitt, Mireille Enos, Daniella Kertesz, James Badge Dale",583284,$202.36M
41,42,Thor: The Dark World,2013,112 min,"Action, Adventure, Fantasy            ",6.9,"When the Dark Elves attempt to plunge the universe into darkness, Thor must embark on a perilous and personal journey that will reunite him with doctor Jane Foster.",Alan Taylor ,"Chris Hemsworth, Natalie Portman, Tom Hiddleston, Stellan Skarsgård",574531,$206.36M
42,43,Resident Evil: Retribution,2012,95 min,"Action, Adventure, Fantasy            ",5.4,Alice fights alongside a resistance movement to regain her freedom from an Umbrella Corporation testing facility.,Paul W.S. Anderson ,"Milla Jovovich, Sienna Guillory, Michelle Rodriguez, Aryana Engineer",129657,$42.35M
43,44,The Hangover Part III,2013,100 min,"Comedy, Crime            ",5.8,"When one of their own is kidnapped by an angry gangster, the Wolf Pack must track down Mr. Chow, who has escaped from prison and is on the run.",Todd Phillips ,"Bradley Cooper, Zach Galifianakis, Ed Helms, Justin Bartha",284679,$112.20M
44,45,Diary of a Wimpy Kid: Dog Days,2012,94 min,"Comedy, Family            ",6.3,"School's out. Summer vacation is on. However, Greg may not have the best summer vacation ever. What could go wrong?",David Bowers ,"Zachary Gordon, Robert Capron, Devon Bostick, Steve Zahn",20908,$49.01M
45,46,Frankenweenie,2012,87 min,"Animation, Comedy, Family            ",6.9,"When a boy's beloved dog passes away suddenly, he attempts to bring the animal back to life through a powerful science experiment.",Tim Burton ,"Winona Ryder, Catherine O'Hara, Martin Short, Martin Landau",94189,$35.29M
46,47,Rise of the Guardians,2012,97 min,"Animation, Action, Adventure            ",7.3,"When the evil spirit Pitch launches an assault on Earth, the Immortal Guardians team up to protect the innocence of children all around the world.",Peter Ramsey ,"Hugh Jackman, Alec Baldwin, Isla Fisher, Chris Pine",151845,$103.41M
47,48,Safe,I) (,94 min,"Action, Crime, Thriller            ",6.5,"Mei, a young girl whose memory holds a priceless numerical code, finds herself pursued by the Triads, the Russian mob, and corrupt NYC cops. Coming to her aid is an ex-cage fighter whose life was destroyed by the gangsters on Mei's trail.",Boaz Yakin ,"Jason Statham, Catherine Chan, Chris Sarandon, Robert John Burke",100223,$17.14M
48,49,How to Train Your Dragon 2,2014,102 min,"Animation, Action, Adventure            ",7.8,"When Hiccup and Toothless discover an ice cave that is home to hundreds of new wild dragons and the mysterious Dragon Rider, the two friends find themselves at the center of a battle to protect the peace.",Dean DeBlois ,"Jay Baruchel, Cate Blanchett, Gerard Butler, Craig Ferguson",294680,$177.00M
49,50,Captain America: The Winter Soldier,2014,136 min,"Action, Adventure, Sci-Fi            ",7.7,"As Steve Rogers struggles to embrace his role in the modern world, he teams up with a fellow Avenger and S.H.I.E.L.D agent, Black Widow, to battle a new threat from history: an assassin known as the Winter Soldier.","Anthony Russo, Joe Russo ","Chris Evans, Samuel L. Jackson, Scarlett Johansson, Robert Redford",709482,$259.77M
50,51,Despicable Me 2,2013,98 min,"Animation, Adventure, Comedy            ",7.3,"When Gru, the world's most super-bad turned super-dad has been recruited by a team of officials to stop lethal muscle and a host of Gru's own, He has to fight back with new gadgetry, cars, and more minion madness.","Pierre Coffin, Chris Renaud ","Steve Carell, Kristen Wiig, Benjamin Bratt, Miranda Cosgrove",359490,$368.06M
51,52,Deadpool,2016,108 min,"Action, Adventure, Comedy            ",8,"A wisecracking mercenary gets experimented on and becomes immortal but ugly, and sets out to track down the man who ruined his looks.",Tim Miller ,"Ryan Reynolds, Morena Baccarin, T.J. Miller, Ed Skrein",871210,$363.07M
52,53,X-Men: Days of Future Past,2014,132 min,"Action, Adventure, Sci-Fi            ",8,The X-Men send Wolverine to the past in a desperate effort to change history and prevent an event that results in doom for both humans and mutants.,Bryan Singer ,"Patrick Stewart, Ian McKellen, Hugh Jackman, James McAvoy",644487,$233.92M
53,54,The Amazing Spider-Man 2,2014,142 min,"Action, Adventure, Sci-Fi            ",6.6,"When New York is put under siege by Oscorp, it is up to Spider-Man to save the city he swore to protect as well as his loved ones.",Marc Webb ,"Andrew Garfield, Emma Stone, Jamie Foxx, Paul Giamatti",405356,$202.85M
54,55,Star Trek Into Darkness,2013,132 min,"Action, Adventure, Sci-Fi            ",7.7,"After the crew of the Enterprise find an unstoppable force of terror from within their own organization, Captain Kirk leads a manhunt to a war-zone world to capture a one-man weapon of mass destruction.",J.J. Abrams ,"Chris Pine, Zachary Quinto, Zoe Saldana, Benedict Cumberbatch",455709,$228.78M
55,56,Anchorman 2: The Legend Continues,2013,119 min,Comedy            ,6.3,"With the 1970s behind them, San Diego's top-rated newsman, Ron Burgundy, returns to take New York City's first twenty-four-hour news channel by storm.",Adam McKay ,"Will Ferrell, Christina Applegate, Paul Rudd, Steve Carell",163565,$127.35M
56,57,Teenage Mutant Ninja Turtles,2014,101 min,"Action, Adventure, Comedy            ",5.8,"When a kingpin threatens New York City, a group of mutated turtle warriors must emerge from the shadows to protect their home.",Jonathan Liebesman ,"Megan Fox, Will Arnett, William Fichtner, Noel Fisher",197038,$191.20M
57,58,Snow White and the Huntsman,2012,127 min,"Action, Adventure, Drama            ",6.1,"In a twist to the fairy tale, the Huntsman ordered to take Snow White into the woods to be killed winds up becoming her protector and mentor in a quest to vanquish the Evil Queen.",Rupert Sanders ,"Kristen Stewart, Chris Hemsworth, Charlize Theron, Sam Claflin",266769,$155.33M
58,59,Madagascar 3: Europe's Most Wanted,2012,93 min,"Animation, Adventure, Comedy            ",6.8,"The Madagascar animals join a struggling European circus to get back to New York, but find themselves being pursued by a psychotic animal control officer.","Eric Darnell, Tom McGrath, Conrad Vernon ","Ben Stiller, Jada Pinkett Smith, Chris Rock, David Schwimmer",156553,$216.39M
59,60,Wreck-It Ralph,2012,101 min,"Animation, Adventure, Comedy            ",7.7,"A video game villain wants to be a hero and sets out to fulfill his dream, but his quest brings havoc to the whole arcade where he lives.",Rich Moore ,"John C. Reilly, Jack McBrayer, Jane Lynch, Sarah Silverman",366548,$189.42M
60,61,Ant-Man,2015,117 min,"Action, Adventure, Comedy            ",7.3,"Armed with a super-suit with the astonishing ability to shrink in scale but increase in strength, cat burglar Scott Lang must embrace his inner hero and help his mentor, Dr. Hank Pym, plan and pull off a heist that will save the world.",Peyton Reed ,"Paul Rudd, Michael Douglas, Corey Stoll, Evangeline Lilly",544332,$180.20M
61,62,The Campaign,2012,85 min,Comedy            ,6.1,An incumbent Representative embroiled in personal scandal faces a no-holds-barred challenge from a naive newcomer funded by two unscrupulous billionaire lobbyist brothers.,Jay Roach ,"Will Ferrell, Zach Galifianakis, Jason Sudeikis, Dylan McDermott",122119,$86.91M
62,63,The Bourne Legacy,2012,135 min,"Action, Adventure, Thriller            ",6.7,"An expansion of the universe from Robert Ludlum's novels, centered on a new hero whose stakes have been triggered by the events of the previous three films.",Tony Gilroy ,"Jeremy Renner, Rachel Weisz, Edward Norton, Scott Glenn",277939,$113.20M
63,64,The Odd Life of Timothy Green,2012,105 min,"Comedy, Drama, Family            ",6.6,"A childless couple bury a box in their backyard, containing all of their wishes for an infant. Soon, a child is born, though Timothy Green is not all that he appears.",Peter Hedges ,"Jennifer Garner, Joel Edgerton, CJ Adams, Odeya Rush",44097,$51.85M
64,65,ParaNorman,2012,92 min,"Animation, Adventure, Comedy            ",7,"A misunderstood boy takes on ghosts, zombies and grown-ups to save his town from a centuries-old curse.","Chris Butler, Sam Fell ","Kodi Smit-McPhee, Anna Kendrick, Christopher Mintz-Plasse, Tucker Albrizzi",91000,$56.00M
65,66,Hotel Transylvania,2012,91 min,"Animation, Comedy, Family            ",7.1,"Dracula, who operates a high-end resort away from the human world, goes into overprotective mode when a boy discovers the resort and falls for the count's teenaged daughter.",Genndy Tartakovsky ,"Adam Sandler, Kevin James, Andy Samberg, Selena Gomez",215575,$148.31M
66,67,Legends of Oz: Dorothy's Return,2014,88 min,"Animation, Adventure, Family            ",5.1,"Shortly after a tornado rips through her Kansas home, Dorothy returns to Oz to save her friends from a villainous jester.","Will Finn, Daniel St. Pierre ","Lea Michele, Kelsey Grammer, Dan Aykroyd, Jim Belushi",5452,$8.46M
67,68,Epic,2013,102 min,"Animation, Adventure, Family            ",6.7,A teenager finds herself transported to a deep forest setting where a battle between the forces of good and the forces of evil is taking place. She bands together with a rag-tag group of characters in order to save their world -- and ours.,Chris Wedge ,"Amanda Seyfried, Josh Hutcherson, Beyoncé, Colin Farrell",97914,$107.52M
68,69,Silent Hill: Revelation,2012,95 min,Horror            ,5,"When her adoptive father disappears, Sharon Da Silva is drawn into a strange and terrifying alternate reality that holds answers to the horrific nightmares that have plagued her since childhood.",M.J. Bassett ,"Adelaide Clemens, Kit Harington, Sean Bean, Carrie-Anne Moss",58922,$17.53M
69,70,Here Comes the Boom,2012,105 min,"Action, Comedy, Sport            ",6.4,A high school biology teacher looks to become a successful mixed-martial arts fighter in an effort to raise money to prevent extra-curricular activities from being axed at his cash-strapped school.,Frank Coraci ,"Kevin James, Salma Hayek, Henry Winkler, Greg Germann",83924,$45.29M
70,71,Lincoln,2012,150 min,"Biography, Drama, History            ",7.3,"As the American Civil War continues to rage, America's president struggles with continuing carnage on the battlefield as he fights with many inside his own cabinet on the decision to emancipate the slaves.",Steven Spielberg ,"Daniel Day-Lewis, Sally Field, David Strathairn, Joseph Gordon-Levitt",237719,$182.21M
71,72,Les Misérables,2012,158 min,"Drama, History, Musical            ",7.6,"In 19th-century France, Jean Valjean, who for decades has been hunted by the ruthless policeman Javert after breaking parole, agrees to care for a factory worker's daughter. The decision changes their lives forever.",Tom Hooper ,"Hugh Jackman, Russell Crowe, Anne Hathaway, Amanda Seyfried",299208,$148.81M
72,73,Texas Chainsaw 3D,2013,92 min,"Horror, Thriller            ",4.8,A young woman travels to Texas to collect an inheritance; little does she know that an encounter with a chainsaw-wielding killer is part of the reward.,John Luessenhop ,"Alexandra Daddario, Tania Raymonde, Scott Eastwood, Trey Songz",43985,$34.34M
73,74,Gangster Squad,2013,113 min,"Action, Crime, Drama            ",6.7,"It's 1949 Los Angeles, the city is run by gangsters and a malicious mobster, Mickey Cohen. Determined to end the corruption, John O'Mara assembles a team of cops, ready to take down the ruthless leader and restore peace to the city.",Ruben Fleischer ,"Sean Penn, Ryan Gosling, Emma Stone, Giovanni Ribisi",202120,$46.00M
74,75,Carrie,2013,100 min,"Drama, Horror            ",5.9,"A shy girl, outcasted by her peers and sheltered by her religious mother, unleashes telekinetic terror on her small town after being pushed too far at her senior prom.",Kimberly Peirce ,"Chloë Grace Moretz, Julianne Moore, Gabriella Wilde, Portia Doubleday",129977,$35.27M
75,76,The Croods,2013,98 min,"Animation, Action, Adventure            ",7.2,"After their cave is destroyed, a caveman family must trek through an unfamiliar fantastical world with the help of an inventive boy.","Kirk DeMicco, Chris Sanders ","Nicolas Cage, Ryan Reynolds, Emma Stone, Catherine Keener",184540,$187.17M
76,77,Evil Dead,2013,91 min,"Fantasy, Horror, Thriller            ",6.5,"Five friends head to a remote cabin, where the discovery of a Book of the Dead leads them to unwittingly summon up demons living in the nearby woods.",Fede Alvarez ,"Jane Levy, Shiloh Fernandez, Jessica Lucas, Lou Taylor Pucci",152329,$54.24M
77,78,Kick-Ass 2,2013,103 min,"Action, Comedy, Crime            ",6.5,"Following Kick-Ass' heroics, other citizens are inspired to become masked crusaders. But Red Mist leads his own group of evil supervillains to get revenge, kill Kick-Ass and destroy everything he stands for.",Jeff Wadlow ,"Aaron Taylor-Johnson, Chloë Grace Moretz, Christopher Mintz-Plasse, Jim Carrey",248717,$28.80M
78,79,Jack Reacher,2012,130 min,"Action, Thriller            ",7,A homicide investigator digs deeper into a case involving a trained military sniper who shot five random victims.,Christopher McQuarrie ,"Tom Cruise, Rosamund Pike, Richard Jenkins, Werner Herzog",298044,$80.07M
79,80,Django Unchained,2012,165 min,"Drama, Western            ",8.4,"With the help of a German bounty hunter, a freed slave sets out to rescue his wife from a brutal Mississippi plantation owner.",Quentin Tarantino ,"Jamie Foxx, Christoph Waltz, Leonardo DiCaprio, Kerry Washington",1295437,$162.81M
80,81,The Last Stand,2013,107 min,"Action, Thriller            ",6.3,"The leader of a drug cartel busts out of a courthouse and speeds to the Mexican border, where the only thing in his path is a sheriff and his inexperienced staff.",Jee-woon Kim ,"Arnold Schwarzenegger, Forest Whitaker, Johnny Knoxville, Rodrigo Santoro",130637,$12.05M
81,82,Hansel & Gretel: Witch Hunters,2013,88 min,"Action, Fantasy, Horror            ",6.1,"Hansel & Gretel are bounty hunters who track and kill witches all over the world. As the fabled Blood Moon approaches, the siblings encounter a new form of evil that might hold a secret to their past.",Tommy Wirkola ,"Jeremy Renner, Gemma Arterton, Peter Stormare, Famke Janssen",190519,$55.70M
82,83,Bullet to the Head,2012,92 min,"Action, Crime, Thriller            ",5.7,"After watching their respective partners die, a New Orleans hitman and a Washington, D.C. detective form an alliance in order to bring down their common enemy.",Walter Hill ,"Sylvester Stallone, Jason Momoa, Christian Slater, Sung Kang",46419,$9.48M
83,84,G.I. Joe: Retaliation,2013,110 min,"Action, Adventure, Sci-Fi            ",5.8,The G.I. Joes are not only fighting their mortal enemy Cobra; they are forced to contend with threats from within the government that jeopardize their very existence.,Jon M. Chu ,"Dwayne Johnson, Channing Tatum, Adrianne Palicki, Byung-hun Lee",169985,$122.52M
84,85,Scary Movie 5,2013,88 min,"Comedy, Horror            ",3.5,"A couple begin to experience some unusual activity after bringing their lost nieces and nephew home. With the help of home-surveillance cameras, they learn they're being stalked by a nefarious demon.","Malcolm D. Lee, David Zucker ","Simon Rex, Ashley Tisdale, Charlie Sheen, Lindsay Lohan",63347,$32.02M
85,86,Oblivion,I) (,124 min,"Action, Adventure, Sci-Fi            ",7,A veteran assigned to extract Earth's remaining resources begins to question what he knows about his mission and himself.,Joseph Kosinski ,"Tom Cruise, Morgan Freeman, Andrea Riseborough, Olga Kurylenko",472060,$89.02M
86,87,The Great Gatsby,2013,143 min,"Drama, Romance            ",7.2,"A writer and wall street trader, Nick, finds himself drawn to the past and lifestyle of his millionaire neighbor, Jay Gatsby.",Baz Luhrmann ,"Leonardo DiCaprio, Carey Mulligan, Joel Edgerton, Tobey Maguire",459380,$144.84M
87,88,Sin City: A Dame to Kill For,2014,102 min,"Action, Crime, Thriller            ",6.5,Some of Sin City's most hard-boiled citizens cross paths with a few of its more reviled inhabitants.,"Frank Miller, Robert Rodriguez ","Mickey Rourke, Jessica Alba, Josh Brolin, Joseph Gordon-Levitt",148179,$13.76M
88,89,Identity Thief,2013,111 min,"Comedy, Crime, Drama            ",5.7,Mild mannered businessman Sandy Patterson travels from Denver to Florida to confront the deceptively harmless looking woman who has been living it up after stealing Sandy's identity.,Seth Gordon ,"Jason Bateman, Melissa McCarthy, John Cho, Amanda Peet",120602,$134.51M
89,90,Oz the Great and Powerful,2013,130 min,"Adventure, Family, Fantasy            ",6.3,"A frustrated circus magician from Kansas is transported to a magical land called Oz, where he will have to fulfill a prophecy to become the king, and release the land from the Wicked Witches using his great (but fake) powers.",Sam Raimi ,"James Franco, Michelle Williams, Rachel Weisz, Mila Kunis",196181,$234.91M
90,91,21 & Over,2013,93 min,Comedy            ,5.8,"The night before his big medical school interview, a promising student celebrates his 21st birthday with his two best friends.","Jon Lucas, Scott Moore ","Miles Teller, Justin Chon, Jonathan Keltz, Sarah Wright",70765,$25.68M
91,92,The Incredible Burt Wonderstone,2013,100 min,Comedy            ,5.9,"A veteran Vegas magician tries to revive his career after his longtime partner quits, he gets fired from his casino act, and an edgy new ""street magician"" steals his thunder.",Don Scardino ,"Steve Carell, Luke Vanek, Steve Buscemi, Mason Cook",69501,$22.53M
92,93,Pain & Gain,2013,129 min,"Action, Comedy, Crime            ",6.4,A trio of bodybuilders in Florida get caught up in an extortion ring and a kidnapping scheme that goes terribly wrong.,Michael Bay ,"Mark Wahlberg, Dwayne Johnson, Anthony Mackie, Tony Shalhoub",195692,$49.88M
93,94,Grown Ups 2,2013,101 min,Comedy            ,5.4,"After moving his family back to his hometown to be with his friends and their kids, Lenny finds out that between old bullies, new bullies, schizo bus drivers, drunk cops on skis, and four hundred costumed party crashers sometimes crazy follows you.",Dennis Dugan ,"Adam Sandler, Kevin James, Chris Rock, David Spade",135572,$133.67M
94,95,The Lego Movie,2014,100 min,"Animation, Action, Adventure            ",7.7,"An ordinary LEGO construction worker, thought to be the prophesied as ""special"", is recruited to join a quest to stop an evil tyrant from gluing the LEGO universe into eternal stasis.","Christopher Miller, Phil Lord ","Chris Pratt, Will Ferrell, Elizabeth Banks, Will Arnett",316448,$257.76M
95,96,Jobs,2013,128 min,"Biography, Drama            ",5.9,The story of Steve Jobs' ascension from college dropout into one of the most revered creative entrepreneurs of the 20th century.,Joshua Michael Stern ,"Ashton Kutcher, Dermot Mulroney, Josh Gad, Lukas Haas",91802,$16.12M
96,97,The Butler,I) (,132 min,"Biography, Drama            ",7.2,"As Cecil Gaines serves eight presidents during his tenure as a butler at the White House, the civil rights movement, Vietnam, and other major events affect this man's life, family, and American society.",Lee Daniels ,"Forest Whitaker, Oprah Winfrey, John Cusack, Jane Fonda",105712,$116.63M
97,98,The World's End,2013,109 min,"Action, Comedy, Sci-Fi            ",7,Five friends who reunite in an attempt to top their epic pub crawl from twenty years earlier unwittingly become humanity's only hope for survival.,Edgar Wright ,"Simon Pegg, Nick Frost, Martin Freeman, Rosamund Pike",249781,$26.00M
98,99,Riddick,2013,119 min,"Action, Adventure, Sci-Fi            ",6.4,"Left for dead on a sun-scorched planet, Riddick finds himself up against an alien race of predators. Activating an emergency beacon alerts two ships: one carrying a new breed of mercenary, the other captained by a man from Riddick's past.",David Twohy ,"Vin Diesel, Karl Urban, Katee Sackhoff, Jordi Mollà",150463,$42.03M
99,100,Insidious: Chapter 2,2013,106 min,"Horror, Mystery, Thriller            ",6.6,"The Lamberts believe that they have defeated the spirits that have haunted their family, but they soon discover that evil is not beaten so easily.",James Wan ,"Patrick Wilson, Rose Byrne, Barbara Hershey, Lin Shaye",149294,$83.59M
100,101,Cloudy with a Chance of Meatballs 2,2013,95 min,"Animation, Adventure, Comedy            ",6.4,"Flint Lockwood now works at The Live Corp Company for his idol Chester V. But he's forced to leave his post when he learns that his most infamous machine is still operational, and is churning out menacing food-animal hybrids.","Cody Cameron, Kris Pearn ","Bill Hader, Anna Faris, Will Forte, Neil Patrick Harris",86512,$119.79M
101,102,Gravity,2013,91 min,"Drama, Sci-Fi, Thriller            ",7.7,Two astronauts work together to survive after an accident leaves them stranded in space.,Alfonso Cuarón ,"Sandra Bullock, George Clooney, Ed Harris, Orto Ignatiussen",746735,$274.09M
102,103,Escape Plan,2013,115 min,"Action, Thriller            ",6.7,"When a structural-security authority finds himself set up and incarcerated in the world's most secret and secure prison, he has to use his skills to escape with help from the inside.",Mikael Håfström ,"Sylvester Stallone, Arnold Schwarzenegger, 50 Cent, Vincent D'Onofrio",221472,$25.13M
103,104,Bad Grandpa,2013,92 min,Comedy            ,6.5,"86-year-old Irving Zisman takes a trip from Nebraska to North Carolina to take his 8 year-old grandson, Billy, back to his real father.",Jeff Tremaine ,"Johnny Knoxville, Jackson Nicoll, Gregorio, Georgina Cates",87823,$102.00M
104,105,Ender's Game,2013,114 min,"Action, Adventure, Family            ",6.6,"Young Ender Wiggin is recruited by the International Military to lead the fight against the Formics, an insectoid alien race who had previously tried to invade Earth and had inflicted heavy losses on humankind.",Gavin Hood ,"Harrison Ford, Asa Butterfield, Hailee Steinfeld, Abigail Breslin",218219,$61.74M
105,106,Last Vegas,2013,105 min,"Comedy, Drama            ",6.6,Four friends take a break from their day-to-day lives to throw a bachelor party in Las Vegas for their last remaining single pal.,Jon Turteltaub ,"Robert De Niro, Michael Douglas, Morgan Freeman, Kevin Kline",125112,$63.91M
106,107,The Wolf of Wall Street,2013,180 min,"Biography, Crime, Drama            ",8.2,"Based on the true story of Jordan Belfort, from his rise to a wealthy stock-broker living the high life to his fall involving crime, corruption and the federal government.",Martin Scorsese ,"Leonardo DiCaprio, Jonah Hill, Margot Robbie, Matthew McConaughey",1115674,$116.90M
107,108,Frozen,I) (,102 min,"Animation, Adventure, Comedy            ",7.4,"When the newly crowned Queen Elsa accidentally uses her power to turn things into ice to curse her home in infinite winter, her sister Anna teams up with a mountain man, his playful reindeer, and a snowman to change the weather condition.","Chris Buck, Jennifer Lee ","Kristen Bell, Idina Menzel, Jonathan Groff, Josh Gad",554036,$400.74M
108,109,Saving Mr. Banks,2013,125 min,"Biography, Comedy, Drama            ",7.5,"Author P.L. Travers reflects on her childhood after reluctantly meeting with Walt Disney, who seeks to adapt her Mary Poppins books for the big screen.",John Lee Hancock ,"Emma Thompson, Tom Hanks, Annie Rose Buckley, Colin Farrell",147295,$83.30M
109,110,The Secret Life of Walter Mitty,2013,114 min,"Comedy, Drama, Fantasy            ",7.3,"When both he and a colleague are about to lose their job, Walter takes action by embarking on an adventure more extraordinary than anything he could have ever imagined.",Ben Stiller ,"Ben Stiller, Kristen Wiig, Jon Daly, Kathryn Hahn",285417,$58.24M
110,111,47 Ronin,2013,128 min,"Action, Drama, Fantasy            ",6.3,A band of samurai set out to avenge the death and dishonor of their master at the hands of a ruthless shogun.,Carl Rinsch ,"Keanu Reeves, Hiroyuki Sanada, Ko Shibasaki, Tadanobu Asano",141942,$38.36M
111,112,"I, Frankenstein",2014,92 min,"Action, Fantasy, Sci-Fi            ",5.1,"Frankenstein's creature finds himself caught in an all-out, centuries old war between two immortal clans.",Stuart Beattie ,"Aaron Eckhart, Bill Nighy, Miranda Otto, Virginie Le Brun",77000,$19.08M
112,113,RoboCop,2014,117 min,"Action, Crime, Sci-Fi            ",6.1,"In 2028 Detroit, when Alex Murphy, a loving husband, father and good cop, is critically injured in the line of duty, the multinational conglomerate OmniCorp sees their chance for a part-man, part-robot police officer.",José Padilha ,"Joel Kinnaman, Gary Oldman, Michael Keaton, Abbie Cornish",211922,$58.61M
113,114,300: Rise of an Empire,2014,102 min,"Action, Drama            ",6.2,"Greek general Themistokles leads the charge against invading Persian forces led by mortal-turned-god Xerxes and Artemisia, vengeful commander of the Persian navy.",Noam Murro ,"Sullivan Stapleton, Eva Green, Lena Headey, Hans Matheson",273943,$106.58M
114,115,Muppets Most Wanted,2014,107 min,"Adventure, Comedy, Crime            ",6.4,"While on a grand world tour, The Muppets find themselves wrapped into an European jewel-heist caper headed by a Kermit the Frog look-alike and his dastardly sidekick.",James Bobin ,"Ricky Gervais, Ty Burrell, Tina Fey, Steve Whitmire",30465,$51.18M
115,116,Rio 2,2014,101 min,"Animation, Adventure, Comedy            ",6.3,"It's a jungle out there for Blu, Jewel and their three kids after they're hurtled from Rio de Janeiro to the wilds of the Amazon. As Blu tries to fit in, he goes beak-to-beak with the vengeful Nigel, and meets his father-in-law.",Carlos Saldanha ,"Jesse Eisenberg, Anne Hathaway, Jemaine Clement, Andy Garcia",76591,$131.54M
116,117,Godzilla,2014,123 min,"Action, Adventure, Sci-Fi            ",6.4,"The world is beset by the appearance of monstrous creatures, but one of them may be the only one who can save humanity.",Gareth Edwards ,"Aaron Taylor-Johnson, Elizabeth Olsen, Bryan Cranston, Ken Watanabe",366790,$200.68M
117,118,Transformers: Age of Extinction,2014,165 min,"Action, Adventure, Sci-Fi            ",5.6,"When humanity allies with a bounty hunter in pursuit of Optimus Prime, the Autobots turn to a mechanic and his family for help.",Michael Bay ,"Mark Wahlberg, Nicola Peltz, Jack Reynor, Stanley Tucci",292345,$245.44M
118,119,Maleficent,2014,97 min,"Action, Adventure, Family            ",7,"A vengeful fairy is driven to curse an infant princess, only to discover that the child may be the one person who can restore peace to their troubled land.",Robert Stromberg ,"Angelina Jolie, Elle Fanning, Sharlto Copley, Lesley Manville",331620,$241.41M
119,120,Fast & Furious 7,2015,137 min,"Action, Adventure, Crime            ",7.2,Deckard Shaw seeks revenge against Dominic Toretto and his family for his comatose brother.,James Wan ,"Vin Diesel, Paul Walker, Dwayne Johnson, Jason Statham",349517,$353.01M
120,121,Dawn of the Planet of the Apes,2014,130 min,"Action, Adventure, Drama            ",7.6,A growing nation of genetically evolved apes led by Caesar is threatened by a band of human survivors of the devastating virus unleashed a decade earlier.,Matt Reeves ,"Gary Oldman, Keri Russell, Andy Serkis, Kodi Smit-McPhee",403149,$208.55M
121,122,Guardians of the Galaxy,2014,121 min,"Action, Adventure, Comedy            ",8,A group of intergalactic criminals must pull together to stop a fanatical warrior with plans to purge the universe.,James Gunn ,"Chris Pratt, Vin Diesel, Bradley Cooper, Zoe Saldana",1011746,$333.18M
122,123,We Bought a Zoo,2011,124 min,"Comedy, Drama, Family            ",7.1,"Set in Southern California, a father moves his young family to the countryside to renovate and re-open a struggling zoo.",Cameron Crowe ,"Matt Damon, Scarlett Johansson, Thomas Haden Church, Elle Fanning",131185,$75.62M
123,124,Tomorrowland,2015,130 min,"Action, Adventure, Family            ",6.4,"Bound by a shared destiny, a teen bursting with scientific curiosity and a former boy-genius inventor embark on a mission to unearth the secrets of a place somewhere in time and space that exists in their collective memory.",Brad Bird ,"George Clooney, Britt Robertson, Hugh Laurie, Raffey Cassidy",167648,$93.44M
124,125,Poltergeist,2015,93 min,"Horror, Thriller            ",4.9,A family whose suburban home is haunted by evil forces must come together to rescue their youngest daughter after the apparitions take her captive.,Gil Kenan ,"Sam Rockwell, Rosemarie DeWitt, Kennedi Clements, Saxon Sharbino",53662,$47.43M
125,126,Mad Max: Fury Road,2015,120 min,"Action, Adventure, Sci-Fi            ",8.1,"In a post-apocalyptic wasteland, a woman rebels against a tyrannical ruler in search for her homeland with the aid of a group of female prisoners, a psychotic worshiper, and a drifter named Max.",George Miller ,"Tom Hardy, Charlize Theron, Nicholas Hoult, Zoë Kravitz",838553,$154.06M
126,127,Avengers: Age of Ultron,2015,141 min,"Action, Adventure, Sci-Fi            ",7.3,"When Tony Stark and Bruce Banner try to jump-start a dormant peacekeeping program called Ultron, things go horribly wrong and it's up to Earth's mightiest heroes to stop the villainous Ultron from enacting his terrible plan.",Joss Whedon ,"Robert Downey Jr., Chris Evans, Mark Ruffalo, Chris Hemsworth",712327,$459.01M
127,128,American Sniper,2014,133 min,"Action, Biography, Drama            ",7.3,"Navy S.E.A.L. sniper Chris Kyle's pinpoint accuracy saves countless lives on the battlefield and turns him into a legend. Back home with his family after four tours of duty, however, Chris finds that it is the war he can't leave behind.",Clint Eastwood ,"Bradley Cooper, Sienna Miller, Kyle Gallner, Cole Konis",423186,$350.13M
128,129,Insidious: Chapter 3,2015,97 min,"Horror, Mystery, Thriller            ",6.1,A prequel set before the haunting of the Lambert family that reveals how gifted psychic Elise Rainier reluctantly agrees to use her ability to contact the dead in order to help a teenage girl who has been targeted by a dangerous supernatural entity.,Leigh Whannell ,"Dermot Mulroney, Stefanie Scott, Angus Sampson, Leigh Whannell",89126,$52.22M
129,130,Jurassic World,2015,124 min,"Action, Adventure, Sci-Fi            ",7,"A new theme park, built on the original site of Jurassic Park, creates a genetically modified hybrid dinosaur, the Indominus Rex, which escapes containment and goes on a killing spree.",Colin Trevorrow ,"Chris Pratt, Bryce Dallas Howard, Ty Simpkins, Judy Greer",562988,$652.27M
130,131,Inside Out,I) (,95 min,"Animation, Adventure, Comedy            ",8.1,"After young Riley is uprooted from her Midwest life and moved to San Francisco, her emotions - Joy, Fear, Anger, Disgust and Sadness - conflict on how best to navigate a new city, house, and school.","Pete Docter, Ronnie Del Carmen ","Amy Poehler, Bill Hader, Lewis Black, Mindy Kaling",581267,$356.46M
131,132,Ted 2,2015,115 min,Comedy            ,6.3,"Newlywed couple Ted and Tami-Lynn want to have a baby, but in order to qualify to be a parent, Ted will have to prove he's a person in a court of law.",Seth MacFarlane ,"Mark Wahlberg, Seth MacFarlane, Amanda Seyfried, Jessica Barth",177357,$81.48M
132,133,Terminator Genisys,2015,126 min,"Action, Adventure, Sci-Fi            ",6.4,"When John Connor, leader of the human resistance, sends Sgt. Kyle Reese back to 1984 to protect Sarah Connor and safeguard the future, an unexpected turn of events creates a fractured timeline.",Alan Taylor ,"Arnold Schwarzenegger, Jason Clarke, Emilia Clarke, Jai Courtney",251675,$89.76M
133,134,Minions,2015,91 min,"Animation, Adventure, Comedy            ",6.4,"Minions Stuart, Kevin, and Bob are recruited by Scarlet Overkill, a supervillain who, alongside her inventor husband Herb, hatches a plot to take over the world.","Kyle Balda, Pierre Coffin ","Sandra Bullock, Jon Hamm, Michael Keaton, Pierre Coffin",205061,$336.05M
134,135,Pixels,2015,105 min,"Action, Comedy, Fantasy            ",5.5,"When aliens misinterpret video feeds of classic arcade games as a declaration of war, they attack the Earth in the form of the video games.",Chris Columbus ,"Adam Sandler, Kevin James, Michelle Monaghan, Peter Dinklage",126865,$78.75M
135,136,Vacation,I) (,99 min,"Adventure, Comedy            ",6.1,"Rusty Griswold takes his own family on a road trip to ""Walley World"" in order to spice things up with his wife and reconnect with his sons.","John Francis Daley, Jonathan Goldstein ","Ed Helms, Christina Applegate, Skyler Gisondo, Steele Stebbins",93837,$58.88M
136,137,Fantastic Four,2015,100 min,"Action, Adventure, Sci-Fi            ",4.3,Four young outsiders teleport to an alternate and dangerous universe which alters their physical form in shocking ways. The four must learn to harness their new abilities and work together to save Earth from a former friend turned enemy.,"Josh Trank, Stephen E. Rivkin ","Miles Teller, Kate Mara, Michael B. Jordan, Jamie Bell",146408,$56.12M
137,138,Straight Outta Compton,2015,147 min,"Biography, Drama, History            ",7.9,"The rap group NWA emerges from the mean streets of Compton in Los Angeles, California, in the mid-1980s and revolutionizes Hip Hop culture with their music and tales about life in the hood.",F. Gary Gray ,"O'Shea Jackson Jr., Corey Hawkins, Jason Mitchell, Neil Brown Jr.",173554,$161.20M
138,139,Hitman: Agent 47,2015,96 min,"Action, Crime, Thriller            ",5.7,An assassin teams up with a woman to help her find her father and uncover the mysteries of her ancestry.,Aleksander Bach ,"Rupert Friend, Hannah Ware, Zachary Quinto, Ciarán Hinds",83516,$22.47M
139,140,Goosebumps,2015,103 min,"Adventure, Comedy, Family            ",6.3,"A teenager teams up with the daughter of young adult horror author R. L. Stine after the writer's imaginary demons are set free on the town of Madison, Delaware.",Rob Letterman ,"Jack Black, Dylan Minnette, Odeya Rush, Ryan Lee",77331,$80.08M
140,141,The Peanuts Movie,2015,88 min,"Animation, Comedy, Family            ",7.1,"Snoopy embarks upon his greatest mission as he and his team take to the skies to pursue their archnemesis, while his best pal Charlie Brown begins his own epic quest back home to win the love of his life.",Steve Martino ,"Noah Schnapp, Bill Melendez, Hadley Belle Miller, Francesca Capaldi",40867,$130.18M
141,142,The Hunger Games: Mockingjay - Part 2,2015,137 min,"Action, Adventure, Sci-Fi            ",6.5,Katniss and a team of rebels from District 13 prepare for the final battle that will decide the fate of Panem.,Francis Lawrence ,"Jennifer Lawrence, Josh Hutcherson, Liam Hemsworth, Woody Harrelson",271906,$281.72M
142,143,Creed,II) ,133 min,"Drama, Sport            ",7.6,"The former World Heavyweight Champion Rocky Balboa serves as a trainer and mentor to Adonis Johnson, the son of his late friend and former rival Apollo Creed.",Ryan Coogler ,"Michael B. Jordan, Sylvester Stallone, Tessa Thompson, Phylicia Rashad",238643,$109.77M
143,144,Star Wars: The Force Awakens,2015,138 min,"Action, Adventure, Sci-Fi            ",7.9,"As a new threat to the galaxy rises, Rey, a desert scavenger, and Finn, an ex-stormtrooper, must join Han Solo and Chewbacca to search for the one hope of restoring peace.",J.J. Abrams ,"Daisy Ridley, John Boyega, Oscar Isaac, Domhnall Gleeson",837012,$936.66M
144,145,Zoolander 2,2016,101 min,"Action, Adventure, Comedy            ",4.7,"Derek and Hansel are lured into modelling again, in Rome, where they find themselves the target of a sinister conspiracy.",Ben Stiller ,"Ben Stiller, Owen Wilson, Penélope Cruz, Will Ferrell",62756,$28.85M
145,146,Batman v Superman: Dawn of Justice,2016,151 min,"Action, Adventure, Sci-Fi            ",6.5,"Fearing that the actions of Superman are left unchecked, Batman takes on the Man of Steel, while the world wrestles with what kind of a hero it really needs.",Zack Snyder ,"Ben Affleck, Henry Cavill, Amy Adams, Jesse Eisenberg",604448,$330.36M
146,147,Captain America: Civil War,2016,147 min,"Action, Adventure, Sci-Fi            ",7.8,Political involvement in the Avengers' affairs causes a rift between Captain America and Iron Man.,"Anthony Russo, Joe Russo ","Chris Evans, Robert Downey Jr., Scarlett Johansson, Sebastian Stan",633204,$408.08M
